Age,Gender,Period,Unemployed
16 to 19 years,Men,1/1/2005,91000.00
20 to 24 years,Men,1/1/2005,175000.00
25 to 34 years,Men,1/1/2005,194000.00
35 to 44 years,Men,1/1/2005,201000.00
45 to 54 years,Men,1/1/2005,207000.00
55 to 64 years,Men,1/1/2005,101000.00
65 years and over,Men,1/1/2005,33000.00
16 to 19 years,Women,1/1/2005,38000.00
20 to 24 years,Women,1/1/2005,90000.00
25 to 34 years,Women,1/1/2005,142000.00
35 to 44 years,Women,1/1/2005,180000.00
45 to 54 years,Women,1/1/2005,157000.00
55 to 64 years,Women,1/1/2005,71000.00
65 years and over,Women,1/1/2005,82000.00
16 to 19 years,Men,2/1/2005,90000.00
20 to 24 years,Men,2/1/2005,154000.00
25 to 34 years,Men,2/1/2005,176000.00
35 to 44 years,Men,2/1/2005,184000.00
45 to 54 years,Men,2/1/2005,186000.00
55 to 64 years,Men,2/1/2005,98000.00
65 years and over,Men,2/1/2005,38000.00
16 to 19 years,Women,2/1/2005,54000.00
20 to 24 years,Women,2/1/2005,114000.00
25 to 34 years,Women,2/1/2005,119000.00
35 to 44 years,Women,2/1/2005,170000.00
45 to 54 years,Women,2/1/2005,173000.00
55 to 64 years,Women,2/1/2005,94000.00
65 years and over,Women,2/1/2005,85000.00
16 to 19 years,Men,3/1/2005,114000.00
20 to 24 years,Men,3/1/2005,137000.00
25 to 34 years,Men,3/1/2005,195000.00
35 to 44 years,Men,3/1/2005,211000.00
45 to 54 years,Men,3/1/2005,223000.00
55 to 64 years,Men,3/1/2005,115000.00
65 years and over,Men,3/1/2005,32000.00
16 to 19 years,Women,3/1/2005,53000.00
20 to 24 years,Women,3/1/2005,113000.00
25 to 34 years,Women,3/1/2005,102000.00
35 to 44 years,Women,3/1/2005,141000.00
45 to 54 years,Women,3/1/2005,152000.00
55 to 64 years,Women,3/1/2005,101000.00
65 years and over,Women,3/1/2005,72000.00
16 to 19 years,Men,4/1/2005,86000.00
20 to 24 years,Men,4/1/2005,125000.00
25 to 34 years,Men,4/1/2005,191000.00
35 to 44 years,Men,4/1/2005,206000.00
45 to 54 years,Men,4/1/2005,181000.00
55 to 64 years,Men,4/1/2005,93000.00
65 years and over,Men,4/1/2005,31000.00
16 to 19 years,Women,4/1/2005,53000.00
20 to 24 years,Women,4/1/2005,114000.00
25 to 34 years,Women,4/1/2005,151000.00
35 to 44 years,Women,4/1/2005,172000.00
45 to 54 years,Women,4/1/2005,160000.00
55 to 64 years,Women,4/1/2005,90000.00
65 years and over,Women,4/1/2005,80000.00
16 to 19 years,Men,5/1/2005,87000.00
20 to 24 years,Men,5/1/2005,106000.00
25 to 34 years,Men,5/1/2005,183000.00
35 to 44 years,Men,5/1/2005,173000.00
45 to 54 years,Men,5/1/2005,159000.00
55 to 64 years,Men,5/1/2005,87000.00
65 years and over,Men,5/1/2005,22000.00
16 to 19 years,Women,5/1/2005,44000.00
20 to 24 years,Women,5/1/2005,99000.00
25 to 34 years,Women,5/1/2005,149000.00
35 to 44 years,Women,5/1/2005,144000.00
45 to 54 years,Women,5/1/2005,178000.00
55 to 64 years,Women,5/1/2005,74000.00
65 years and over,Women,5/1/2005,71000.00
16 to 19 years,Men,6/1/2005,74000.00
20 to 24 years,Men,6/1/2005,109000.00
25 to 34 years,Men,6/1/2005,162000.00
35 to 44 years,Men,6/1/2005,146000.00
45 to 54 years,Men,6/1/2005,171000.00
55 to 64 years,Men,6/1/2005,64000.00
65 years and over,Men,6/1/2005,37000.00
16 to 19 years,Women,6/1/2005,47000.00
20 to 24 years,Women,6/1/2005,73000.00
25 to 34 years,Women,6/1/2005,114000.00
35 to 44 years,Women,6/1/2005,114000.00
45 to 54 years,Women,6/1/2005,150000.00
55 to 64 years,Women,6/1/2005,58000.00
65 years and over,Women,6/1/2005,89000.00
16 to 19 years,Men,7/1/2005,79000.00
20 to 24 years,Men,7/1/2005,110000.00
25 to 34 years,Men,7/1/2005,139000.00
35 to 44 years,Men,7/1/2005,164000.00
45 to 54 years,Men,7/1/2005,181000.00
55 to 64 years,Men,7/1/2005,56000.00
65 years and over,Men,7/1/2005,36000.00
16 to 19 years,Women,7/1/2005,39000.00
20 to 24 years,Women,7/1/2005,72000.00
25 to 34 years,Women,7/1/2005,156000.00
35 to 44 years,Women,7/1/2005,115000.00
45 to 54 years,Women,7/1/2005,123000.00
55 to 64 years,Women,7/1/2005,81000.00
65 years and over,Women,7/1/2005,86000.00
16 to 19 years,Men,8/1/2005,69000.00
20 to 24 years,Men,8/1/2005,142000.00
25 to 34 years,Men,8/1/2005,141000.00
35 to 44 years,Men,8/1/2005,157000.00
45 to 54 years,Men,8/1/2005,163000.00
55 to 64 years,Men,8/1/2005,82000.00
65 years and over,Men,8/1/2005,25000.00
16 to 19 years,Women,8/1/2005,47000.00
20 to 24 years,Women,8/1/2005,57000.00
25 to 34 years,Women,8/1/2005,151000.00
35 to 44 years,Women,8/1/2005,137000.00
45 to 54 years,Women,8/1/2005,130000.00
55 to 64 years,Women,8/1/2005,85000.00
65 years and over,Women,8/1/2005,101000.00
16 to 19 years,Men,9/1/2005,64000.00
20 to 24 years,Men,9/1/2005,127000.00
25 to 34 years,Men,9/1/2005,161000.00
35 to 44 years,Men,9/1/2005,152000.00
45 to 54 years,Men,9/1/2005,146000.00
55 to 64 years,Men,9/1/2005,83000.00
65 years and over,Men,9/1/2005,36000.00
16 to 19 years,Women,9/1/2005,41000.00
20 to 24 years,Women,9/1/2005,55000.00
25 to 34 years,Women,9/1/2005,163000.00
35 to 44 years,Women,9/1/2005,149000.00
45 to 54 years,Women,9/1/2005,152000.00
55 to 64 years,Women,9/1/2005,80000.00
65 years and over,Women,9/1/2005,96000.00
16 to 19 years,Men,10/1/2005,51000.00
20 to 24 years,Men,10/1/2005,102000.00
25 to 34 years,Men,10/1/2005,152000.00
35 to 44 years,Men,10/1/2005,137000.00
45 to 54 years,Men,10/1/2005,195000.00
55 to 64 years,Men,10/1/2005,90000.00
65 years and over,Men,10/1/2005,41000.00
16 to 19 years,Women,10/1/2005,48000.00
20 to 24 years,Women,10/1/2005,56000.00
25 to 34 years,Women,10/1/2005,150000.00
35 to 44 years,Women,10/1/2005,156000.00
45 to 54 years,Women,10/1/2005,120000.00
55 to 64 years,Women,10/1/2005,69000.00
65 years and over,Women,10/1/2005,94000.00
16 to 19 years,Men,11/1/2005,53000.00
20 to 24 years,Men,11/1/2005,97000.00
25 to 34 years,Men,11/1/2005,137000.00
35 to 44 years,Men,11/1/2005,151000.00
45 to 54 years,Men,11/1/2005,197000.00
55 to 64 years,Men,11/1/2005,82000.00
65 years and over,Men,11/1/2005,37000.00
16 to 19 years,Women,11/1/2005,28000.00
20 to 24 years,Women,11/1/2005,65000.00
25 to 34 years,Women,11/1/2005,140000.00
35 to 44 years,Women,11/1/2005,129000.00
45 to 54 years,Women,11/1/2005,131000.00
55 to 64 years,Women,11/1/2005,82000.00
65 years and over,Women,11/1/2005,62000.00
16 to 19 years,Men,12/1/2005,62000.00
20 to 24 years,Men,12/1/2005,93000.00
25 to 34 years,Men,12/1/2005,164000.00
35 to 44 years,Men,12/1/2005,150000.00
45 to 54 years,Men,12/1/2005,190000.00
55 to 64 years,Men,12/1/2005,104000.00
65 years and over,Men,12/1/2005,20000.00
16 to 19 years,Women,12/1/2005,30000.00
20 to 24 years,Women,12/1/2005,56000.00
25 to 34 years,Women,12/1/2005,131000.00
35 to 44 years,Women,12/1/2005,112000.00
45 to 54 years,Women,12/1/2005,116000.00
55 to 64 years,Women,12/1/2005,73000.00
65 years and over,Women,12/1/2005,64000.00
16 to 19 years,Men,1/1/2006,34000.00
20 to 24 years,Men,1/1/2006,126000.00
25 to 34 years,Men,1/1/2006,141000.00
35 to 44 years,Men,1/1/2006,105000.00
45 to 54 years,Men,1/1/2006,162000.00
55 to 64 years,Men,1/1/2006,102000.00
65 years and over,Men,1/1/2006,35000.00
16 to 19 years,Women,1/1/2006,39000.00
20 to 24 years,Women,1/1/2006,27000.00
25 to 34 years,Women,1/1/2006,92000.00
35 to 44 years,Women,1/1/2006,134000.00
45 to 54 years,Women,1/1/2006,110000.00
55 to 64 years,Women,1/1/2006,85000.00
65 years and over,Women,1/1/2006,61000.00
16 to 19 years,Men,2/1/2006,68000.00
20 to 24 years,Men,2/1/2006,135000.00
25 to 34 years,Men,2/1/2006,190000.00
35 to 44 years,Men,2/1/2006,123000.00
45 to 54 years,Men,2/1/2006,182000.00
55 to 64 years,Men,2/1/2006,95000.00
65 years and over,Men,2/1/2006,21000.00
16 to 19 years,Women,2/1/2006,26000.00
20 to 24 years,Women,2/1/2006,75000.00
25 to 34 years,Women,2/1/2006,132000.00
35 to 44 years,Women,2/1/2006,150000.00
45 to 54 years,Women,2/1/2006,124000.00
55 to 64 years,Women,2/1/2006,69000.00
65 years and over,Women,2/1/2006,61000.00
16 to 19 years,Men,3/1/2006,84000.00
20 to 24 years,Men,3/1/2006,140000.00
25 to 34 years,Men,3/1/2006,134000.00
35 to 44 years,Men,3/1/2006,171000.00
45 to 54 years,Men,3/1/2006,163000.00
55 to 64 years,Men,3/1/2006,84000.00
65 years and over,Men,3/1/2006,20000.00
16 to 19 years,Women,3/1/2006,40000.00
20 to 24 years,Women,3/1/2006,52000.00
25 to 34 years,Women,3/1/2006,137000.00
35 to 44 years,Women,3/1/2006,138000.00
45 to 54 years,Women,3/1/2006,119000.00
55 to 64 years,Women,3/1/2006,60000.00
65 years and over,Women,3/1/2006,54000.00
16 to 19 years,Men,4/1/2006,97000.00
20 to 24 years,Men,4/1/2006,174000.00
25 to 34 years,Men,4/1/2006,155000.00
35 to 44 years,Men,4/1/2006,140000.00
45 to 54 years,Men,4/1/2006,141000.00
55 to 64 years,Men,4/1/2006,113000.00
65 years and over,Men,4/1/2006,23000.00
16 to 19 years,Women,4/1/2006,28000.00
20 to 24 years,Women,4/1/2006,71000.00
25 to 34 years,Women,4/1/2006,135000.00
35 to 44 years,Women,4/1/2006,157000.00
45 to 54 years,Women,4/1/2006,98000.00
55 to 64 years,Women,4/1/2006,59000.00
65 years and over,Women,4/1/2006,54000.00
16 to 19 years,Men,5/1/2006,66000.00
20 to 24 years,Men,5/1/2006,125000.00
25 to 34 years,Men,5/1/2006,137000.00
35 to 44 years,Men,5/1/2006,158000.00
45 to 54 years,Men,5/1/2006,178000.00
55 to 64 years,Men,5/1/2006,81000.00
65 years and over,Men,5/1/2006,12000.00
16 to 19 years,Women,5/1/2006,45000.00
20 to 24 years,Women,5/1/2006,54000.00
25 to 34 years,Women,5/1/2006,146000.00
35 to 44 years,Women,5/1/2006,148000.00
45 to 54 years,Women,5/1/2006,100000.00
55 to 64 years,Women,5/1/2006,56000.00
65 years and over,Women,5/1/2006,43000.00
16 to 19 years,Men,6/1/2006,63000.00
20 to 24 years,Men,6/1/2006,106000.00
25 to 34 years,Men,6/1/2006,134000.00
35 to 44 years,Men,6/1/2006,127000.00
45 to 54 years,Men,6/1/2006,124000.00
55 to 64 years,Men,6/1/2006,85000.00
65 years and over,Men,6/1/2006,13000.00
16 to 19 years,Women,6/1/2006,30000.00
20 to 24 years,Women,6/1/2006,39000.00
25 to 34 years,Women,6/1/2006,123000.00
35 to 44 years,Women,6/1/2006,110000.00
45 to 54 years,Women,6/1/2006,92000.00
55 to 64 years,Women,6/1/2006,63000.00
65 years and over,Women,6/1/2006,68000.00
16 to 19 years,Men,7/1/2006,74000.00
20 to 24 years,Men,7/1/2006,93000.00
25 to 34 years,Men,7/1/2006,133000.00
35 to 44 years,Men,7/1/2006,163000.00
45 to 54 years,Men,7/1/2006,138000.00
55 to 64 years,Men,7/1/2006,96000.00
65 years and over,Men,7/1/2006,9000.00
16 to 19 years,Women,7/1/2006,74000.00
20 to 24 years,Women,7/1/2006,81000.00
25 to 34 years,Women,7/1/2006,115000.00
35 to 44 years,Women,7/1/2006,133000.00
45 to 54 years,Women,7/1/2006,84000.00
55 to 64 years,Women,7/1/2006,83000.00
65 years and over,Women,7/1/2006,86000.00
16 to 19 years,Men,8/1/2006,77000.00
20 to 24 years,Men,8/1/2006,130000.00
25 to 34 years,Men,8/1/2006,114000.00
35 to 44 years,Men,8/1/2006,159000.00
45 to 54 years,Men,8/1/2006,154000.00
55 to 64 years,Men,8/1/2006,87000.00
65 years and over,Men,8/1/2006,21000.00
16 to 19 years,Women,8/1/2006,46000.00
20 to 24 years,Women,8/1/2006,63000.00
25 to 34 years,Women,8/1/2006,102000.00
35 to 44 years,Women,8/1/2006,122000.00
45 to 54 years,Women,8/1/2006,134000.00
55 to 64 years,Women,8/1/2006,80000.00
65 years and over,Women,8/1/2006,110000.00
16 to 19 years,Men,9/1/2006,53000.00
20 to 24 years,Men,9/1/2006,101000.00
25 to 34 years,Men,9/1/2006,113000.00
35 to 44 years,Men,9/1/2006,153000.00
45 to 54 years,Men,9/1/2006,120000.00
55 to 64 years,Men,9/1/2006,97000.00
65 years and over,Men,9/1/2006,10000.00
16 to 19 years,Women,9/1/2006,27000.00
20 to 24 years,Women,9/1/2006,88000.00
25 to 34 years,Women,9/1/2006,120000.00
35 to 44 years,Women,9/1/2006,122000.00
45 to 54 years,Women,9/1/2006,125000.00
55 to 64 years,Women,9/1/2006,86000.00
65 years and over,Women,9/1/2006,111000.00
16 to 19 years,Men,10/1/2006,50000.00
20 to 24 years,Men,10/1/2006,92000.00
25 to 34 years,Men,10/1/2006,118000.00
35 to 44 years,Men,10/1/2006,100000.00
45 to 54 years,Men,10/1/2006,81000.00
55 to 64 years,Men,10/1/2006,91000.00
65 years and over,Men,10/1/2006,29000.00
16 to 19 years,Women,10/1/2006,21000.00
20 to 24 years,Women,10/1/2006,68000.00
25 to 34 years,Women,10/1/2006,85000.00
35 to 44 years,Women,10/1/2006,94000.00
45 to 54 years,Women,10/1/2006,118000.00
55 to 64 years,Women,10/1/2006,74000.00
65 years and over,Women,10/1/2006,83000.00
16 to 19 years,Men,11/1/2006,61000.00
20 to 24 years,Men,11/1/2006,80000.00
25 to 34 years,Men,11/1/2006,129000.00
35 to 44 years,Men,11/1/2006,107000.00
45 to 54 years,Men,11/1/2006,102000.00
55 to 64 years,Men,11/1/2006,89000.00
65 years and over,Men,11/1/2006,28000.00
16 to 19 years,Women,11/1/2006,37000.00
20 to 24 years,Women,11/1/2006,82000.00
25 to 34 years,Women,11/1/2006,77000.00
35 to 44 years,Women,11/1/2006,108000.00
45 to 54 years,Women,11/1/2006,121000.00
55 to 64 years,Women,11/1/2006,74000.00
65 years and over,Women,11/1/2006,92000.00
16 to 19 years,Men,12/1/2006,66000.00
20 to 24 years,Men,12/1/2006,97000.00
25 to 34 years,Men,12/1/2006,102000.00
35 to 44 years,Men,12/1/2006,82000.00
45 to 54 years,Men,12/1/2006,130000.00
55 to 64 years,Men,12/1/2006,95000.00
65 years and over,Men,12/1/2006,18000.00
16 to 19 years,Women,12/1/2006,30000.00
20 to 24 years,Women,12/1/2006,49000.00
25 to 34 years,Women,12/1/2006,95000.00
35 to 44 years,Women,12/1/2006,96000.00
45 to 54 years,Women,12/1/2006,101000.00
55 to 64 years,Women,12/1/2006,81000.00
65 years and over,Women,12/1/2006,32000.00
16 to 19 years,Men,1/1/2007,57000.00
20 to 24 years,Men,1/1/2007,87000.00
25 to 34 years,Men,1/1/2007,138000.00
35 to 44 years,Men,1/1/2007,120000.00
45 to 54 years,Men,1/1/2007,108000.00
55 to 64 years,Men,1/1/2007,107000.00
65 years and over,Men,1/1/2007,16000.00
16 to 19 years,Women,1/1/2007,33000.00
20 to 24 years,Women,1/1/2007,43000.00
25 to 34 years,Women,1/1/2007,126000.00
35 to 44 years,Women,1/1/2007,114000.00
45 to 54 years,Women,1/1/2007,137000.00
55 to 64 years,Women,1/1/2007,72000.00
65 years and over,Women,1/1/2007,81000.00
16 to 19 years,Men,2/1/2007,100000.00
20 to 24 years,Men,2/1/2007,123000.00
25 to 34 years,Men,2/1/2007,153000.00
35 to 44 years,Men,2/1/2007,123000.00
45 to 54 years,Men,2/1/2007,148000.00
55 to 64 years,Men,2/1/2007,83000.00
65 years and over,Men,2/1/2007,29000.00
16 to 19 years,Women,2/1/2007,37000.00
20 to 24 years,Women,2/1/2007,45000.00
25 to 34 years,Women,2/1/2007,127000.00
35 to 44 years,Women,2/1/2007,124000.00
45 to 54 years,Women,2/1/2007,125000.00
55 to 64 years,Women,2/1/2007,50000.00
65 years and over,Women,2/1/2007,55000.00
16 to 19 years,Men,3/1/2007,83000.00
20 to 24 years,Men,3/1/2007,110000.00
25 to 34 years,Men,3/1/2007,168000.00
35 to 44 years,Men,3/1/2007,137000.00
45 to 54 years,Men,3/1/2007,189000.00
55 to 64 years,Men,3/1/2007,95000.00
65 years and over,Men,3/1/2007,28000.00
16 to 19 years,Women,3/1/2007,24000.00
20 to 24 years,Women,3/1/2007,35000.00
25 to 34 years,Women,3/1/2007,135000.00
35 to 44 years,Women,3/1/2007,102000.00
45 to 54 years,Women,3/1/2007,113000.00
55 to 64 years,Women,3/1/2007,56000.00
65 years and over,Women,3/1/2007,68000.00
16 to 19 years,Men,4/1/2007,90000.00
20 to 24 years,Men,4/1/2007,99000.00
25 to 34 years,Men,4/1/2007,191000.00
35 to 44 years,Men,4/1/2007,101000.00
45 to 54 years,Men,4/1/2007,161000.00
55 to 64 years,Men,4/1/2007,86000.00
65 years and over,Men,4/1/2007,20000.00
16 to 19 years,Women,4/1/2007,45000.00
20 to 24 years,Women,4/1/2007,53000.00
25 to 34 years,Women,4/1/2007,138000.00
35 to 44 years,Women,4/1/2007,94000.00
45 to 54 years,Women,4/1/2007,122000.00
55 to 64 years,Women,4/1/2007,53000.00
65 years and over,Women,4/1/2007,64000.00
16 to 19 years,Men,5/1/2007,73000.00
20 to 24 years,Men,5/1/2007,88000.00
25 to 34 years,Men,5/1/2007,172000.00
35 to 44 years,Men,5/1/2007,87000.00
45 to 54 years,Men,5/1/2007,133000.00
55 to 64 years,Men,5/1/2007,82000.00
65 years and over,Men,5/1/2007,19000.00
16 to 19 years,Women,5/1/2007,37000.00
20 to 24 years,Women,5/1/2007,44000.00
25 to 34 years,Women,5/1/2007,119000.00
35 to 44 years,Women,5/1/2007,97000.00
45 to 54 years,Women,5/1/2007,107000.00
55 to 64 years,Women,5/1/2007,60000.00
65 years and over,Women,5/1/2007,71000.00
16 to 19 years,Men,6/1/2007,54000.00
20 to 24 years,Men,6/1/2007,113000.00
25 to 34 years,Men,6/1/2007,140000.00
35 to 44 years,Men,6/1/2007,106000.00
45 to 54 years,Men,6/1/2007,141000.00
55 to 64 years,Men,6/1/2007,81000.00
65 years and over,Men,6/1/2007,17000.00
16 to 19 years,Women,6/1/2007,54000.00
20 to 24 years,Women,6/1/2007,44000.00
25 to 34 years,Women,6/1/2007,94000.00
35 to 44 years,Women,6/1/2007,98000.00
45 to 54 years,Women,6/1/2007,100000.00
55 to 64 years,Women,6/1/2007,52000.00
65 years and over,Women,6/1/2007,109000.00
16 to 19 years,Men,7/1/2007,44000.00
20 to 24 years,Men,7/1/2007,129000.00
25 to 34 years,Men,7/1/2007,112000.00
35 to 44 years,Men,7/1/2007,136000.00
45 to 54 years,Men,7/1/2007,148000.00
55 to 64 years,Men,7/1/2007,93000.00
65 years and over,Men,7/1/2007,36000.00
16 to 19 years,Women,7/1/2007,41000.00
20 to 24 years,Women,7/1/2007,75000.00
25 to 34 years,Women,7/1/2007,128000.00
35 to 44 years,Women,7/1/2007,150000.00
45 to 54 years,Women,7/1/2007,118000.00
55 to 64 years,Women,7/1/2007,63000.00
65 years and over,Women,7/1/2007,111000.00
16 to 19 years,Men,8/1/2007,43000.00
20 to 24 years,Men,8/1/2007,150000.00
25 to 34 years,Men,8/1/2007,119000.00
35 to 44 years,Men,8/1/2007,121000.00
45 to 54 years,Men,8/1/2007,147000.00
55 to 64 years,Men,8/1/2007,110000.00
65 years and over,Men,8/1/2007,17000.00
16 to 19 years,Women,8/1/2007,47000.00
20 to 24 years,Women,8/1/2007,66000.00
25 to 34 years,Women,8/1/2007,125000.00
35 to 44 years,Women,8/1/2007,112000.00
45 to 54 years,Women,8/1/2007,125000.00
55 to 64 years,Women,8/1/2007,50000.00
65 years and over,Women,8/1/2007,84000.00
16 to 19 years,Men,9/1/2007,68000.00
20 to 24 years,Men,9/1/2007,131000.00
25 to 34 years,Men,9/1/2007,140000.00
35 to 44 years,Men,9/1/2007,139000.00
45 to 54 years,Men,9/1/2007,129000.00
55 to 64 years,Men,9/1/2007,105000.00
65 years and over,Men,9/1/2007,19000.00
16 to 19 years,Women,9/1/2007,36000.00
20 to 24 years,Women,9/1/2007,73000.00
25 to 34 years,Women,9/1/2007,115000.00
35 to 44 years,Women,9/1/2007,126000.00
45 to 54 years,Women,9/1/2007,127000.00
55 to 64 years,Women,9/1/2007,53000.00
65 years and over,Women,9/1/2007,92000.00
16 to 19 years,Men,10/1/2007,60000.00
20 to 24 years,Men,10/1/2007,117000.00
25 to 34 years,Men,10/1/2007,100000.00
35 to 44 years,Men,10/1/2007,119000.00
45 to 54 years,Men,10/1/2007,144000.00
55 to 64 years,Men,10/1/2007,95000.00
65 years and over,Men,10/1/2007,29000.00
16 to 19 years,Women,10/1/2007,27000.00
20 to 24 years,Women,10/1/2007,83000.00
25 to 34 years,Women,10/1/2007,104000.00
35 to 44 years,Women,10/1/2007,156000.00
45 to 54 years,Women,10/1/2007,146000.00
55 to 64 years,Women,10/1/2007,85000.00
65 years and over,Women,10/1/2007,76000.00
16 to 19 years,Men,11/1/2007,65000.00
20 to 24 years,Men,11/1/2007,88000.00
25 to 34 years,Men,11/1/2007,149000.00
35 to 44 years,Men,11/1/2007,142000.00
45 to 54 years,Men,11/1/2007,128000.00
55 to 64 years,Men,11/1/2007,88000.00
65 years and over,Men,11/1/2007,33000.00
16 to 19 years,Women,11/1/2007,46000.00
20 to 24 years,Women,11/1/2007,100000.00
25 to 34 years,Women,11/1/2007,129000.00
35 to 44 years,Women,11/1/2007,140000.00
45 to 54 years,Women,11/1/2007,146000.00
55 to 64 years,Women,11/1/2007,86000.00
65 years and over,Women,11/1/2007,89000.00
16 to 19 years,Men,12/1/2007,69000.00
20 to 24 years,Men,12/1/2007,106000.00
25 to 34 years,Men,12/1/2007,147000.00
35 to 44 years,Men,12/1/2007,132000.00
45 to 54 years,Men,12/1/2007,149000.00
55 to 64 years,Men,12/1/2007,83000.00
65 years and over,Men,12/1/2007,36000.00
16 to 19 years,Women,12/1/2007,36000.00
20 to 24 years,Women,12/1/2007,80000.00
25 to 34 years,Women,12/1/2007,108000.00
35 to 44 years,Women,12/1/2007,133000.00
45 to 54 years,Women,12/1/2007,124000.00
55 to 64 years,Women,12/1/2007,63000.00
65 years and over,Women,12/1/2007,77000.00
16 to 19 years,Men,1/1/2008,90000.00
20 to 24 years,Men,1/1/2008,138000.00
25 to 34 years,Men,1/1/2008,169000.00
35 to 44 years,Men,1/1/2008,155000.00
45 to 54 years,Men,1/1/2008,145000.00
55 to 64 years,Men,1/1/2008,75000.00
65 years and over,Men,1/1/2008,39000.00
16 to 19 years,Women,1/1/2008,47000.00
20 to 24 years,Women,1/1/2008,76000.00
25 to 34 years,Women,1/1/2008,93000.00
35 to 44 years,Women,1/1/2008,126000.00
45 to 54 years,Women,1/1/2008,153000.00
55 to 64 years,Women,1/1/2008,88000.00
65 years and over,Women,1/1/2008,99000.00
16 to 19 years,Men,2/1/2008,105000.00
20 to 24 years,Men,2/1/2008,146000.00
25 to 34 years,Men,2/1/2008,121000.00
35 to 44 years,Men,2/1/2008,151000.00
45 to 54 years,Men,2/1/2008,164000.00
55 to 64 years,Men,2/1/2008,95000.00
65 years and over,Men,2/1/2008,31000.00
16 to 19 years,Women,2/1/2008,37000.00
20 to 24 years,Women,2/1/2008,56000.00
25 to 34 years,Women,2/1/2008,107000.00
35 to 44 years,Women,2/1/2008,97000.00
45 to 54 years,Women,2/1/2008,130000.00
55 to 64 years,Women,2/1/2008,103000.00
65 years and over,Women,2/1/2008,106000.00
16 to 19 years,Men,3/1/2008,71000.00
20 to 24 years,Men,3/1/2008,142000.00
25 to 34 years,Men,3/1/2008,145000.00
35 to 44 years,Men,3/1/2008,154000.00
45 to 54 years,Men,3/1/2008,201000.00
55 to 64 years,Men,3/1/2008,78000.00
65 years and over,Men,3/1/2008,34000.00
16 to 19 years,Women,3/1/2008,51000.00
20 to 24 years,Women,3/1/2008,52000.00
25 to 34 years,Women,3/1/2008,124000.00
35 to 44 years,Women,3/1/2008,101000.00
45 to 54 years,Women,3/1/2008,113000.00
55 to 64 years,Women,3/1/2008,75000.00
65 years and over,Women,3/1/2008,101000.00
16 to 19 years,Men,4/1/2008,95000.00
20 to 24 years,Men,4/1/2008,154000.00
25 to 34 years,Men,4/1/2008,165000.00
35 to 44 years,Men,4/1/2008,175000.00
45 to 54 years,Men,4/1/2008,203000.00
55 to 64 years,Men,4/1/2008,67000.00
65 years and over,Men,4/1/2008,33000.00
16 to 19 years,Women,4/1/2008,50000.00
20 to 24 years,Women,4/1/2008,44000.00
25 to 34 years,Women,4/1/2008,137000.00
35 to 44 years,Women,4/1/2008,85000.00
45 to 54 years,Women,4/1/2008,154000.00
55 to 64 years,Women,4/1/2008,72000.00
65 years and over,Women,4/1/2008,98000.00
16 to 19 years,Men,5/1/2008,91000.00
20 to 24 years,Men,5/1/2008,174000.00
25 to 34 years,Men,5/1/2008,180000.00
35 to 44 years,Men,5/1/2008,143000.00
45 to 54 years,Men,5/1/2008,183000.00
55 to 64 years,Men,5/1/2008,94000.00
65 years and over,Men,5/1/2008,27000.00
16 to 19 years,Women,5/1/2008,69000.00
20 to 24 years,Women,5/1/2008,61000.00
25 to 34 years,Women,5/1/2008,148000.00
35 to 44 years,Women,5/1/2008,118000.00
45 to 54 years,Women,5/1/2008,183000.00
55 to 64 years,Women,5/1/2008,76000.00
65 years and over,Women,5/1/2008,67000.00
16 to 19 years,Men,6/1/2008,80000.00
20 to 24 years,Men,6/1/2008,160000.00
25 to 34 years,Men,6/1/2008,210000.00
35 to 44 years,Men,6/1/2008,158000.00
45 to 54 years,Men,6/1/2008,173000.00
55 to 64 years,Men,6/1/2008,99000.00
65 years and over,Men,6/1/2008,25000.00
16 to 19 years,Women,6/1/2008,51000.00
20 to 24 years,Women,6/1/2008,71000.00
25 to 34 years,Women,6/1/2008,132000.00
35 to 44 years,Women,6/1/2008,118000.00
45 to 54 years,Women,6/1/2008,168000.00
55 to 64 years,Women,6/1/2008,66000.00
65 years and over,Women,6/1/2008,99000.00
16 to 19 years,Men,7/1/2008,74000.00
20 to 24 years,Men,7/1/2008,151000.00
25 to 34 years,Men,7/1/2008,193000.00
35 to 44 years,Men,7/1/2008,201000.00
45 to 54 years,Men,7/1/2008,196000.00
55 to 64 years,Men,7/1/2008,70000.00
65 years and over,Men,7/1/2008,37000.00
16 to 19 years,Women,7/1/2008,48000.00
20 to 24 years,Women,7/1/2008,85000.00
25 to 34 years,Women,7/1/2008,163000.00
35 to 44 years,Women,7/1/2008,147000.00
45 to 54 years,Women,7/1/2008,197000.00
55 to 64 years,Women,7/1/2008,78000.00
65 years and over,Women,7/1/2008,133000.00
16 to 19 years,Men,8/1/2008,78000.00
20 to 24 years,Men,8/1/2008,138000.00
25 to 34 years,Men,8/1/2008,222000.00
35 to 44 years,Men,8/1/2008,208000.00
45 to 54 years,Men,8/1/2008,206000.00
55 to 64 years,Men,8/1/2008,103000.00
65 years and over,Men,8/1/2008,50000.00
16 to 19 years,Women,8/1/2008,62000.00
20 to 24 years,Women,8/1/2008,101000.00
25 to 34 years,Women,8/1/2008,204000.00
35 to 44 years,Women,8/1/2008,166000.00
45 to 54 years,Women,8/1/2008,209000.00
55 to 64 years,Women,8/1/2008,99000.00
65 years and over,Women,8/1/2008,149000.00
16 to 19 years,Men,9/1/2008,75000.00
20 to 24 years,Men,9/1/2008,169000.00
25 to 34 years,Men,9/1/2008,249000.00
35 to 44 years,Men,9/1/2008,235000.00
45 to 54 years,Men,9/1/2008,212000.00
55 to 64 years,Men,9/1/2008,126000.00
65 years and over,Men,9/1/2008,46000.00
16 to 19 years,Women,9/1/2008,69000.00
20 to 24 years,Women,9/1/2008,141000.00
25 to 34 years,Women,9/1/2008,177000.00
35 to 44 years,Women,9/1/2008,146000.00
45 to 54 years,Women,9/1/2008,231000.00
55 to 64 years,Women,9/1/2008,112000.00
65 years and over,Women,9/1/2008,125000.00
16 to 19 years,Men,10/1/2008,114000.00
20 to 24 years,Men,10/1/2008,176000.00
25 to 34 years,Men,10/1/2008,281000.00
35 to 44 years,Men,10/1/2008,250000.00
45 to 54 years,Men,10/1/2008,217000.00
55 to 64 years,Men,10/1/2008,158000.00
65 years and over,Men,10/1/2008,45000.00
16 to 19 years,Women,10/1/2008,48000.00
20 to 24 years,Women,10/1/2008,104000.00
25 to 34 years,Women,10/1/2008,222000.00
35 to 44 years,Women,10/1/2008,192000.00
45 to 54 years,Women,10/1/2008,243000.00
55 to 64 years,Women,10/1/2008,132000.00
65 years and over,Women,10/1/2008,146000.00
16 to 19 years,Men,11/1/2008,106000.00
20 to 24 years,Men,11/1/2008,152000.00
25 to 34 years,Men,11/1/2008,316000.00
35 to 44 years,Men,11/1/2008,206000.00
45 to 54 years,Men,11/1/2008,253000.00
55 to 64 years,Men,11/1/2008,171000.00
65 years and over,Men,11/1/2008,57000.00
16 to 19 years,Women,11/1/2008,53000.00
20 to 24 years,Women,11/1/2008,106000.00
25 to 34 years,Women,11/1/2008,202000.00
35 to 44 years,Women,11/1/2008,203000.00
45 to 54 years,Women,11/1/2008,189000.00
55 to 64 years,Women,11/1/2008,156000.00
65 years and over,Women,11/1/2008,95000.00
16 to 19 years,Men,12/1/2008,109000.00
20 to 24 years,Men,12/1/2008,216000.00
25 to 34 years,Men,12/1/2008,323000.00
35 to 44 years,Men,12/1/2008,253000.00
45 to 54 years,Men,12/1/2008,318000.00
55 to 64 years,Men,12/1/2008,173000.00
65 years and over,Men,12/1/2008,66000.00
16 to 19 years,Women,12/1/2008,83000.00
20 to 24 years,Women,12/1/2008,132000.00
25 to 34 years,Women,12/1/2008,165000.00
35 to 44 years,Women,12/1/2008,222000.00
45 to 54 years,Women,12/1/2008,246000.00
55 to 64 years,Women,12/1/2008,174000.00
65 years and over,Women,12/1/2008,109000.00
16 to 19 years,Men,1/1/2009,135000.00
20 to 24 years,Men,1/1/2009,234000.00
25 to 34 years,Men,1/1/2009,331000.00
35 to 44 years,Men,1/1/2009,279000.00
45 to 54 years,Men,1/1/2009,372000.00
55 to 64 years,Men,1/1/2009,179000.00
65 years and over,Men,1/1/2009,78000.00
16 to 19 years,Women,1/1/2009,86000.00
20 to 24 years,Women,1/1/2009,123000.00
25 to 34 years,Women,1/1/2009,209000.00
35 to 44 years,Women,1/1/2009,272000.00
45 to 54 years,Women,1/1/2009,223000.00
55 to 64 years,Women,1/1/2009,186000.00
65 years and over,Women,1/1/2009,146000.00
16 to 19 years,Men,2/1/2009,198000.00
20 to 24 years,Men,2/1/2009,258000.00
25 to 34 years,Men,2/1/2009,363000.00
35 to 44 years,Men,2/1/2009,311000.00
45 to 54 years,Men,2/1/2009,438000.00
55 to 64 years,Men,2/1/2009,196000.00
65 years and over,Men,2/1/2009,100000.00
16 to 19 years,Women,2/1/2009,85000.00
20 to 24 years,Women,2/1/2009,178000.00
25 to 34 years,Women,2/1/2009,209000.00
35 to 44 years,Women,2/1/2009,293000.00
45 to 54 years,Women,2/1/2009,241000.00
55 to 64 years,Women,2/1/2009,149000.00
65 years and over,Women,2/1/2009,167000.00
16 to 19 years,Men,3/1/2009,152000.00
20 to 24 years,Men,3/1/2009,288000.00
25 to 34 years,Men,3/1/2009,406000.00
35 to 44 years,Men,3/1/2009,399000.00
45 to 54 years,Men,3/1/2009,461000.00
55 to 64 years,Men,3/1/2009,239000.00
65 years and over,Men,3/1/2009,80000.00
16 to 19 years,Women,3/1/2009,112000.00
20 to 24 years,Women,3/1/2009,169000.00
25 to 34 years,Women,3/1/2009,242000.00
35 to 44 years,Women,3/1/2009,279000.00
45 to 54 years,Women,3/1/2009,282000.00
55 to 64 years,Women,3/1/2009,180000.00
65 years and over,Women,3/1/2009,160000.00
16 to 19 years,Men,4/1/2009,213000.00
20 to 24 years,Men,4/1/2009,366000.00
25 to 34 years,Men,4/1/2009,506000.00
35 to 44 years,Men,4/1/2009,485000.00
45 to 54 years,Men,4/1/2009,489000.00
55 to 64 years,Men,4/1/2009,269000.00
65 years and over,Men,4/1/2009,79000.00
16 to 19 years,Women,4/1/2009,121000.00
20 to 24 years,Women,4/1/2009,167000.00
25 to 34 years,Women,4/1/2009,318000.00
35 to 44 years,Women,4/1/2009,302000.00
45 to 54 years,Women,4/1/2009,325000.00
55 to 64 years,Women,4/1/2009,205000.00
65 years and over,Women,4/1/2009,145000.00
16 to 19 years,Men,5/1/2009,174000.00
20 to 24 years,Men,5/1/2009,366000.00
25 to 34 years,Men,5/1/2009,537000.00
35 to 44 years,Men,5/1/2009,450000.00
45 to 54 years,Men,5/1/2009,479000.00
55 to 64 years,Men,5/1/2009,282000.00
65 years and over,Men,5/1/2009,87000.00
16 to 19 years,Women,5/1/2009,102000.00
20 to 24 years,Women,5/1/2009,212000.00
25 to 34 years,Women,5/1/2009,377000.00
35 to 44 years,Women,5/1/2009,297000.00
45 to 54 years,Women,5/1/2009,327000.00
55 to 64 years,Women,5/1/2009,214000.00
65 years and over,Women,5/1/2009,171000.00
16 to 19 years,Men,6/1/2009,207000.00
20 to 24 years,Men,6/1/2009,300000.00
25 to 34 years,Men,6/1/2009,553000.00
35 to 44 years,Men,6/1/2009,495000.00
45 to 54 years,Men,6/1/2009,488000.00
55 to 64 years,Men,6/1/2009,361000.00
65 years and over,Men,6/1/2009,107000.00
16 to 19 years,Women,6/1/2009,118000.00
20 to 24 years,Women,6/1/2009,212000.00
25 to 34 years,Women,6/1/2009,382000.00
35 to 44 years,Women,6/1/2009,355000.00
45 to 54 years,Women,6/1/2009,354000.00
55 to 64 years,Women,6/1/2009,231000.00
65 years and over,Women,6/1/2009,197000.00
16 to 19 years,Men,7/1/2009,192000.00
20 to 24 years,Men,7/1/2009,416000.00
25 to 34 years,Men,7/1/2009,730000.00
35 to 44 years,Men,7/1/2009,551000.00
45 to 54 years,Men,7/1/2009,552000.00
55 to 64 years,Men,7/1/2009,378000.00
65 years and over,Men,7/1/2009,109000.00
16 to 19 years,Women,7/1/2009,126000.00
20 to 24 years,Women,7/1/2009,277000.00
25 to 34 years,Women,7/1/2009,480000.00
35 to 44 years,Women,7/1/2009,409000.00
45 to 54 years,Women,7/1/2009,393000.00
55 to 64 years,Women,7/1/2009,261000.00
65 years and over,Women,7/1/2009,210000.00
16 to 19 years,Men,8/1/2009,180000.00
20 to 24 years,Men,8/1/2009,360000.00
25 to 34 years,Men,8/1/2009,734000.00
35 to 44 years,Men,8/1/2009,574000.00
45 to 54 years,Men,8/1/2009,626000.00
55 to 64 years,Men,8/1/2009,379000.00
65 years and over,Men,8/1/2009,105000.00
16 to 19 years,Women,8/1/2009,94000.00
20 to 24 years,Women,8/1/2009,242000.00
25 to 34 years,Women,8/1/2009,492000.00
35 to 44 years,Women,8/1/2009,430000.00
45 to 54 years,Women,8/1/2009,464000.00
55 to 64 years,Women,8/1/2009,294000.00
65 years and over,Women,8/1/2009,196000.00
16 to 19 years,Men,9/1/2009,165000.00
20 to 24 years,Men,9/1/2009,395000.00
25 to 34 years,Men,9/1/2009,764000.00
35 to 44 years,Men,9/1/2009,635000.00
45 to 54 years,Men,9/1/2009,698000.00
55 to 64 years,Men,9/1/2009,376000.00
65 years and over,Men,9/1/2009,119000.00
16 to 19 years,Women,9/1/2009,99000.00
20 to 24 years,Women,9/1/2009,306000.00
25 to 34 years,Women,9/1/2009,510000.00
35 to 44 years,Women,9/1/2009,508000.00
45 to 54 years,Women,9/1/2009,498000.00
55 to 64 years,Women,9/1/2009,286000.00
65 years and over,Women,9/1/2009,210000.00
16 to 19 years,Men,10/1/2009,229000.00
20 to 24 years,Men,10/1/2009,400000.00
25 to 34 years,Men,10/1/2009,738000.00
35 to 44 years,Men,10/1/2009,647000.00
45 to 54 years,Men,10/1/2009,730000.00
55 to 64 years,Men,10/1/2009,390000.00
65 years and over,Men,10/1/2009,102000.00
16 to 19 years,Women,10/1/2009,118000.00
20 to 24 years,Women,10/1/2009,245000.00
25 to 34 years,Women,10/1/2009,550000.00
35 to 44 years,Women,10/1/2009,474000.00
45 to 54 years,Women,10/1/2009,510000.00
55 to 64 years,Women,10/1/2009,309000.00
65 years and over,Women,10/1/2009,188000.00
16 to 19 years,Men,11/1/2009,228000.00
20 to 24 years,Men,11/1/2009,425000.00
25 to 34 years,Men,11/1/2009,787000.00
35 to 44 years,Men,11/1/2009,668000.00
45 to 54 years,Men,11/1/2009,816000.00
55 to 64 years,Men,11/1/2009,468000.00
65 years and over,Men,11/1/2009,115000.00
16 to 19 years,Women,11/1/2009,113000.00
20 to 24 years,Women,11/1/2009,297000.00
25 to 34 years,Women,11/1/2009,481000.00
35 to 44 years,Women,11/1/2009,497000.00
45 to 54 years,Women,11/1/2009,513000.00
55 to 64 years,Women,11/1/2009,347000.00
65 years and over,Women,11/1/2009,184000.00
16 to 19 years,Men,12/1/2009,237000.00
20 to 24 years,Men,12/1/2009,428000.00
25 to 34 years,Men,12/1/2009,810000.00
35 to 44 years,Men,12/1/2009,699000.00
45 to 54 years,Men,12/1/2009,848000.00
55 to 64 years,Men,12/1/2009,471000.00
65 years and over,Men,12/1/2009,123000.00
16 to 19 years,Women,12/1/2009,136000.00
20 to 24 years,Women,12/1/2009,230000.00
25 to 34 years,Women,12/1/2009,463000.00
35 to 44 years,Women,12/1/2009,492000.00
45 to 54 years,Women,12/1/2009,535000.00
55 to 64 years,Women,12/1/2009,335000.00
65 years and over,Women,12/1/2009,186000.00
16 to 19 years,Men,1/1/2010,227000.00
20 to 24 years,Men,1/1/2010,542000.00
25 to 34 years,Men,1/1/2010,913000.00
35 to 44 years,Men,1/1/2010,733000.00
45 to 54 years,Men,1/1/2010,897000.00
55 to 64 years,Men,1/1/2010,549000.00
65 years and over,Men,1/1/2010,136000.00
16 to 19 years,Women,1/1/2010,134000.00
20 to 24 years,Women,1/1/2010,244000.00
25 to 34 years,Women,1/1/2010,535000.00
35 to 44 years,Women,1/1/2010,483000.00
45 to 54 years,Women,1/1/2010,588000.00
55 to 64 years,Women,1/1/2010,347000.00
65 years and over,Women,1/1/2010,195000.00
16 to 19 years,Men,2/1/2010,228000.00
20 to 24 years,Men,2/1/2010,516000.00
25 to 34 years,Men,2/1/2010,951000.00
35 to 44 years,Men,2/1/2010,828000.00
45 to 54 years,Men,2/1/2010,821000.00
55 to 64 years,Men,2/1/2010,546000.00
65 years and over,Men,2/1/2010,144000.00
16 to 19 years,Women,2/1/2010,132000.00
20 to 24 years,Women,2/1/2010,231000.00
25 to 34 years,Women,2/1/2010,455000.00
35 to 44 years,Women,2/1/2010,471000.00
45 to 54 years,Women,2/1/2010,544000.00
55 to 64 years,Women,2/1/2010,344000.00
65 years and over,Women,2/1/2010,228000.00
16 to 19 years,Men,3/1/2010,286000.00
20 to 24 years,Men,3/1/2010,564000.00
25 to 34 years,Men,3/1/2010,999000.00
35 to 44 years,Men,3/1/2010,757000.00
45 to 54 years,Men,3/1/2010,927000.00
55 to 64 years,Men,3/1/2010,536000.00
65 years and over,Men,3/1/2010,132000.00
16 to 19 years,Women,3/1/2010,152000.00
20 to 24 years,Women,3/1/2010,245000.00
25 to 34 years,Women,3/1/2010,522000.00
35 to 44 years,Women,3/1/2010,565000.00
45 to 54 years,Women,3/1/2010,605000.00
55 to 64 years,Women,3/1/2010,323000.00
65 years and over,Women,3/1/2010,191000.00
16 to 19 years,Men,4/1/2010,296000.00
20 to 24 years,Men,4/1/2010,653000.00
25 to 34 years,Men,4/1/2010,956000.00
35 to 44 years,Men,4/1/2010,807000.00
45 to 54 years,Men,4/1/2010,931000.00
55 to 64 years,Men,4/1/2010,544000.00
65 years and over,Men,4/1/2010,151000.00
16 to 19 years,Women,4/1/2010,118000.00
20 to 24 years,Women,4/1/2010,314000.00
25 to 34 years,Women,4/1/2010,608000.00
35 to 44 years,Women,4/1/2010,578000.00
45 to 54 years,Women,4/1/2010,623000.00
55 to 64 years,Women,4/1/2010,364000.00
65 years and over,Women,4/1/2010,156000.00
16 to 19 years,Men,5/1/2010,240000.00
20 to 24 years,Men,5/1/2010,493000.00
25 to 34 years,Men,5/1/2010,1011000.00
35 to 44 years,Men,5/1/2010,704000.00
45 to 54 years,Men,5/1/2010,827000.00
55 to 64 years,Men,5/1/2010,553000.00
65 years and over,Men,5/1/2010,144000.00
16 to 19 years,Women,5/1/2010,159000.00
20 to 24 years,Women,5/1/2010,293000.00
25 to 34 years,Women,5/1/2010,631000.00
35 to 44 years,Women,5/1/2010,550000.00
45 to 54 years,Women,5/1/2010,546000.00
55 to 64 years,Women,5/1/2010,403000.00
65 years and over,Women,5/1/2010,172000.00
16 to 19 years,Men,6/1/2010,280000.00
20 to 24 years,Men,6/1/2010,516000.00
25 to 34 years,Men,6/1/2010,931000.00
35 to 44 years,Men,6/1/2010,699000.00
45 to 54 years,Men,6/1/2010,862000.00
55 to 64 years,Men,6/1/2010,485000.00
65 years and over,Men,6/1/2010,115000.00
16 to 19 years,Women,6/1/2010,117000.00
20 to 24 years,Women,6/1/2010,301000.00
25 to 34 years,Women,6/1/2010,578000.00
35 to 44 years,Women,6/1/2010,538000.00
45 to 54 years,Women,6/1/2010,528000.00
55 to 64 years,Women,6/1/2010,399000.00
65 years and over,Women,6/1/2010,161000.00
16 to 19 years,Men,7/1/2010,238000.00
20 to 24 years,Men,7/1/2010,566000.00
25 to 34 years,Men,7/1/2010,814000.00
35 to 44 years,Men,7/1/2010,635000.00
45 to 54 years,Men,7/1/2010,848000.00
55 to 64 years,Men,7/1/2010,526000.00
65 years and over,Men,7/1/2010,135000.00
16 to 19 years,Women,7/1/2010,152000.00
20 to 24 years,Women,7/1/2010,359000.00
25 to 34 years,Women,7/1/2010,630000.00
35 to 44 years,Women,7/1/2010,568000.00
45 to 54 years,Women,7/1/2010,575000.00
55 to 64 years,Women,7/1/2010,390000.00
65 years and over,Women,7/1/2010,213000.00
16 to 19 years,Men,8/1/2010,197000.00
20 to 24 years,Men,8/1/2010,505000.00
25 to 34 years,Men,8/1/2010,789000.00
35 to 44 years,Men,8/1/2010,707000.00
45 to 54 years,Men,8/1/2010,833000.00
55 to 64 years,Men,8/1/2010,516000.00
65 years and over,Men,8/1/2010,134000.00
16 to 19 years,Women,8/1/2010,126000.00
20 to 24 years,Women,8/1/2010,273000.00
25 to 34 years,Women,8/1/2010,579000.00
35 to 44 years,Women,8/1/2010,547000.00
45 to 54 years,Women,8/1/2010,598000.00
55 to 64 years,Women,8/1/2010,385000.00
65 years and over,Women,8/1/2010,197000.00
16 to 19 years,Men,9/1/2010,158000.00
20 to 24 years,Men,9/1/2010,414000.00
25 to 34 years,Men,9/1/2010,815000.00
35 to 44 years,Men,9/1/2010,743000.00
45 to 54 years,Men,9/1/2010,808000.00
55 to 64 years,Men,9/1/2010,489000.00
65 years and over,Men,9/1/2010,134000.00
16 to 19 years,Women,9/1/2010,93000.00
20 to 24 years,Women,9/1/2010,252000.00
25 to 34 years,Women,9/1/2010,615000.00
35 to 44 years,Women,9/1/2010,546000.00
45 to 54 years,Women,9/1/2010,538000.00
55 to 64 years,Women,9/1/2010,408000.00
65 years and over,Women,9/1/2010,192000.00
16 to 19 years,Men,10/1/2010,162000.00
20 to 24 years,Men,10/1/2010,457000.00
25 to 34 years,Men,10/1/2010,718000.00
35 to 44 years,Men,10/1/2010,698000.00
45 to 54 years,Men,10/1/2010,811000.00
55 to 64 years,Men,10/1/2010,530000.00
65 years and over,Men,10/1/2010,141000.00
16 to 19 years,Women,10/1/2010,144000.00
20 to 24 years,Women,10/1/2010,315000.00
25 to 34 years,Women,10/1/2010,601000.00
35 to 44 years,Women,10/1/2010,485000.00
45 to 54 years,Women,10/1/2010,571000.00
55 to 64 years,Women,10/1/2010,374000.00
65 years and over,Women,10/1/2010,158000.00
16 to 19 years,Men,11/1/2010,149000.00
20 to 24 years,Men,11/1/2010,440000.00
25 to 34 years,Men,11/1/2010,739000.00
35 to 44 years,Men,11/1/2010,699000.00
45 to 54 years,Men,11/1/2010,879000.00
55 to 64 years,Men,11/1/2010,539000.00
65 years and over,Men,11/1/2010,173000.00
16 to 19 years,Women,11/1/2010,105000.00
20 to 24 years,Women,11/1/2010,306000.00
25 to 34 years,Women,11/1/2010,578000.00
35 to 44 years,Women,11/1/2010,529000.00
45 to 54 years,Women,11/1/2010,621000.00
55 to 64 years,Women,11/1/2010,394000.00
65 years and over,Women,11/1/2010,205000.00
16 to 19 years,Men,12/1/2010,149000.00
20 to 24 years,Men,12/1/2010,456000.00
25 to 34 years,Men,12/1/2010,750000.00
35 to 44 years,Men,12/1/2010,693000.00
45 to 54 years,Men,12/1/2010,877000.00
55 to 64 years,Men,12/1/2010,476000.00
65 years and over,Men,12/1/2010,157000.00
16 to 19 years,Women,12/1/2010,143000.00
20 to 24 years,Women,12/1/2010,297000.00
25 to 34 years,Women,12/1/2010,576000.00
35 to 44 years,Women,12/1/2010,557000.00
45 to 54 years,Women,12/1/2010,577000.00
55 to 64 years,Women,12/1/2010,378000.00
65 years and over,Women,12/1/2010,182000.00
16 to 19 years,Men,1/1/2011,204000.00
20 to 24 years,Men,1/1/2011,507000.00
25 to 34 years,Men,1/1/2011,803000.00
35 to 44 years,Men,1/1/2011,704000.00
45 to 54 years,Men,1/1/2011,788000.00
55 to 64 years,Men,1/1/2011,509000.00
65 years and over,Men,1/1/2011,152000.00
16 to 19 years,Women,1/1/2011,148000.00
20 to 24 years,Women,1/1/2011,348000.00
25 to 34 years,Women,1/1/2011,525000.00
35 to 44 years,Women,1/1/2011,530000.00
45 to 54 years,Women,1/1/2011,630000.00
55 to 64 years,Women,1/1/2011,355000.00
65 years and over,Women,1/1/2011,205000.00
16 to 19 years,Men,2/1/2011,196000.00
20 to 24 years,Men,2/1/2011,460000.00
25 to 34 years,Men,2/1/2011,812000.00
35 to 44 years,Men,2/1/2011,648000.00
45 to 54 years,Men,2/1/2011,752000.00
55 to 64 years,Men,2/1/2011,503000.00
65 years and over,Men,2/1/2011,145000.00
16 to 19 years,Women,2/1/2011,99000.00
20 to 24 years,Women,2/1/2011,371000.00
25 to 34 years,Women,2/1/2011,542000.00
35 to 44 years,Women,2/1/2011,520000.00
45 to 54 years,Women,2/1/2011,608000.00
55 to 64 years,Women,2/1/2011,318000.00
65 years and over,Women,2/1/2011,190000.00
16 to 19 years,Men,3/1/2011,205000.00
20 to 24 years,Men,3/1/2011,510000.00
25 to 34 years,Men,3/1/2011,849000.00
35 to 44 years,Men,3/1/2011,709000.00
45 to 54 years,Men,3/1/2011,784000.00
55 to 64 years,Men,3/1/2011,533000.00
65 years and over,Men,3/1/2011,140000.00
16 to 19 years,Women,3/1/2011,134000.00
20 to 24 years,Women,3/1/2011,329000.00
25 to 34 years,Women,3/1/2011,514000.00
35 to 44 years,Women,3/1/2011,514000.00
45 to 54 years,Women,3/1/2011,589000.00
55 to 64 years,Women,3/1/2011,362000.00
65 years and over,Women,3/1/2011,175000.00
16 to 19 years,Men,4/1/2011,241000.00
20 to 24 years,Men,4/1/2011,481000.00
25 to 34 years,Men,4/1/2011,866000.00
35 to 44 years,Men,4/1/2011,641000.00
45 to 54 years,Men,4/1/2011,710000.00
55 to 64 years,Men,4/1/2011,491000.00
65 years and over,Men,4/1/2011,137000.00
16 to 19 years,Women,4/1/2011,115000.00
20 to 24 years,Women,4/1/2011,324000.00
25 to 34 years,Women,4/1/2011,571000.00
35 to 44 years,Women,4/1/2011,505000.00
45 to 54 years,Women,4/1/2011,578000.00
55 to 64 years,Women,4/1/2011,355000.00
65 years and over,Women,4/1/2011,161000.00
16 to 19 years,Men,5/1/2011,196000.00
20 to 24 years,Men,5/1/2011,455000.00
25 to 34 years,Men,5/1/2011,857000.00
35 to 44 years,Men,5/1/2011,602000.00
45 to 54 years,Men,5/1/2011,779000.00
55 to 64 years,Men,5/1/2011,496000.00
65 years and over,Men,5/1/2011,148000.00
16 to 19 years,Women,5/1/2011,162000.00
20 to 24 years,Women,5/1/2011,354000.00
25 to 34 years,Women,5/1/2011,559000.00
35 to 44 years,Women,5/1/2011,485000.00
45 to 54 years,Women,5/1/2011,588000.00
55 to 64 years,Women,5/1/2011,382000.00
65 years and over,Women,5/1/2011,184000.00
16 to 19 years,Men,6/1/2011,180000.00
20 to 24 years,Men,6/1/2011,451000.00
25 to 34 years,Men,6/1/2011,749000.00
35 to 44 years,Men,6/1/2011,693000.00
45 to 54 years,Men,6/1/2011,685000.00
55 to 64 years,Men,6/1/2011,505000.00
65 years and over,Men,6/1/2011,148000.00
16 to 19 years,Women,6/1/2011,151000.00
20 to 24 years,Women,6/1/2011,297000.00
25 to 34 years,Women,6/1/2011,599000.00
35 to 44 years,Women,6/1/2011,528000.00
45 to 54 years,Women,6/1/2011,596000.00
55 to 64 years,Women,6/1/2011,388000.00
65 years and over,Women,6/1/2011,166000.00
16 to 19 years,Men,7/1/2011,164000.00
20 to 24 years,Men,7/1/2011,423000.00
25 to 34 years,Men,7/1/2011,761000.00
35 to 44 years,Men,7/1/2011,600000.00
45 to 54 years,Men,7/1/2011,757000.00
55 to 64 years,Men,7/1/2011,524000.00
65 years and over,Men,7/1/2011,159000.00
16 to 19 years,Women,7/1/2011,171000.00
20 to 24 years,Women,7/1/2011,312000.00
25 to 34 years,Women,7/1/2011,688000.00
35 to 44 years,Women,7/1/2011,543000.00
45 to 54 years,Women,7/1/2011,596000.00
55 to 64 years,Women,7/1/2011,403000.00
65 years and over,Women,7/1/2011,219000.00
16 to 19 years,Men,8/1/2011,163000.00
20 to 24 years,Men,8/1/2011,418000.00
25 to 34 years,Men,8/1/2011,682000.00
35 to 44 years,Men,8/1/2011,665000.00
45 to 54 years,Men,8/1/2011,670000.00
55 to 64 years,Men,8/1/2011,468000.00
65 years and over,Men,8/1/2011,153000.00
16 to 19 years,Women,8/1/2011,195000.00
20 to 24 years,Women,8/1/2011,281000.00
25 to 34 years,Women,8/1/2011,645000.00
35 to 44 years,Women,8/1/2011,541000.00
45 to 54 years,Women,8/1/2011,624000.00
55 to 64 years,Women,8/1/2011,422000.00
65 years and over,Women,8/1/2011,227000.00
16 to 19 years,Men,9/1/2011,134000.00
20 to 24 years,Men,9/1/2011,443000.00
25 to 34 years,Men,9/1/2011,727000.00
35 to 44 years,Men,9/1/2011,649000.00
45 to 54 years,Men,9/1/2011,717000.00
55 to 64 years,Men,9/1/2011,495000.00
65 years and over,Men,9/1/2011,168000.00
16 to 19 years,Women,9/1/2011,157000.00
20 to 24 years,Women,9/1/2011,322000.00
25 to 34 years,Women,9/1/2011,713000.00
35 to 44 years,Women,9/1/2011,503000.00
45 to 54 years,Women,9/1/2011,626000.00
55 to 64 years,Women,9/1/2011,445000.00
65 years and over,Women,9/1/2011,224000.00
16 to 19 years,Men,10/1/2011,146000.00
20 to 24 years,Men,10/1/2011,392000.00
25 to 34 years,Men,10/1/2011,682000.00
35 to 44 years,Men,10/1/2011,597000.00
45 to 54 years,Men,10/1/2011,668000.00
55 to 64 years,Men,10/1/2011,492000.00
65 years and over,Men,10/1/2011,157000.00
16 to 19 years,Women,10/1/2011,113000.00
20 to 24 years,Women,10/1/2011,329000.00
25 to 34 years,Women,10/1/2011,670000.00
35 to 44 years,Women,10/1/2011,436000.00
45 to 54 years,Women,10/1/2011,550000.00
55 to 64 years,Women,10/1/2011,416000.00
65 years and over,Women,10/1/2011,263000.00
16 to 19 years,Men,11/1/2011,189000.00
20 to 24 years,Men,11/1/2011,462000.00
25 to 34 years,Men,11/1/2011,649000.00
35 to 44 years,Men,11/1/2011,560000.00
45 to 54 years,Men,11/1/2011,631000.00
55 to 64 years,Men,11/1/2011,471000.00
65 years and over,Men,11/1/2011,172000.00
16 to 19 years,Women,11/1/2011,111000.00
20 to 24 years,Women,11/1/2011,307000.00
25 to 34 years,Women,11/1/2011,596000.00
35 to 44 years,Women,11/1/2011,460000.00
45 to 54 years,Women,11/1/2011,521000.00
55 to 64 years,Women,11/1/2011,387000.00
65 years and over,Women,11/1/2011,230000.00
16 to 19 years,Men,12/1/2011,150000.00
20 to 24 years,Men,12/1/2011,474000.00
25 to 34 years,Men,12/1/2011,699000.00
35 to 44 years,Men,12/1/2011,581000.00
45 to 54 years,Men,12/1/2011,575000.00
55 to 64 years,Men,12/1/2011,404000.00
65 years and over,Men,12/1/2011,150000.00
16 to 19 years,Women,12/1/2011,96000.00
20 to 24 years,Women,12/1/2011,250000.00
25 to 34 years,Women,12/1/2011,580000.00
35 to 44 years,Women,12/1/2011,467000.00
45 to 54 years,Women,12/1/2011,531000.00
55 to 64 years,Women,12/1/2011,349000.00
65 years and over,Women,12/1/2011,208000.00
16 to 19 years,Men,1/1/2012,200000.00
20 to 24 years,Men,1/1/2012,480000.00
25 to 34 years,Men,1/1/2012,690000.00
35 to 44 years,Men,1/1/2012,551000.00
45 to 54 years,Men,1/1/2012,563000.00
55 to 64 years,Men,1/1/2012,480000.00
65 years and over,Men,1/1/2012,130000.00
16 to 19 years,Women,1/1/2012,139000.00
20 to 24 years,Women,1/1/2012,239000.00
25 to 34 years,Women,1/1/2012,559000.00
35 to 44 years,Women,1/1/2012,551000.00
45 to 54 years,Women,1/1/2012,536000.00
55 to 64 years,Women,1/1/2012,377000.00
65 years and over,Women,1/1/2012,201000.00
16 to 19 years,Men,2/1/2012,184000.00
20 to 24 years,Men,2/1/2012,489000.00
25 to 34 years,Men,2/1/2012,626000.00
35 to 44 years,Men,2/1/2012,478000.00
45 to 54 years,Men,2/1/2012,599000.00
55 to 64 years,Men,2/1/2012,428000.00
65 years and over,Men,2/1/2012,118000.00
16 to 19 years,Women,2/1/2012,136000.00
20 to 24 years,Women,2/1/2012,264000.00
25 to 34 years,Women,2/1/2012,522000.00
35 to 44 years,Women,2/1/2012,502000.00
45 to 54 years,Women,2/1/2012,573000.00
55 to 64 years,Women,2/1/2012,362000.00
65 years and over,Women,2/1/2012,230000.00
16 to 19 years,Men,3/1/2012,186000.00
20 to 24 years,Men,3/1/2012,439000.00
25 to 34 years,Men,3/1/2012,716000.00
35 to 44 years,Men,3/1/2012,512000.00
45 to 54 years,Men,3/1/2012,579000.00
55 to 64 years,Men,3/1/2012,495000.00
65 years and over,Men,3/1/2012,118000.00
16 to 19 years,Women,3/1/2012,151000.00
20 to 24 years,Women,3/1/2012,255000.00
25 to 34 years,Women,3/1/2012,481000.00
35 to 44 years,Women,3/1/2012,414000.00
45 to 54 years,Women,3/1/2012,547000.00
55 to 64 years,Women,3/1/2012,389000.00
65 years and over,Women,3/1/2012,191000.00
16 to 19 years,Men,4/1/2012,180000.00
20 to 24 years,Men,4/1/2012,439000.00
25 to 34 years,Men,4/1/2012,645000.00
35 to 44 years,Men,4/1/2012,548000.00
45 to 54 years,Men,4/1/2012,543000.00
55 to 64 years,Men,4/1/2012,456000.00
65 years and over,Men,4/1/2012,133000.00
16 to 19 years,Women,4/1/2012,146000.00
20 to 24 years,Women,4/1/2012,215000.00
25 to 34 years,Women,4/1/2012,523000.00
35 to 44 years,Women,4/1/2012,391000.00
45 to 54 years,Women,4/1/2012,554000.00
55 to 64 years,Women,4/1/2012,370000.00
65 years and over,Women,4/1/2012,212000.00
16 to 19 years,Men,5/1/2012,168000.00
20 to 24 years,Men,5/1/2012,475000.00
25 to 34 years,Men,5/1/2012,606000.00
35 to 44 years,Men,5/1/2012,532000.00
45 to 54 years,Men,5/1/2012,590000.00
55 to 64 years,Men,5/1/2012,467000.00
65 years and over,Men,5/1/2012,171000.00
16 to 19 years,Women,5/1/2012,127000.00
20 to 24 years,Women,5/1/2012,246000.00
25 to 34 years,Women,5/1/2012,548000.00
35 to 44 years,Women,5/1/2012,516000.00
45 to 54 years,Women,5/1/2012,507000.00
55 to 64 years,Women,5/1/2012,336000.00
65 years and over,Women,5/1/2012,228000.00
16 to 19 years,Men,6/1/2012,159000.00
20 to 24 years,Men,6/1/2012,446000.00
25 to 34 years,Men,6/1/2012,581000.00
35 to 44 years,Men,6/1/2012,531000.00
45 to 54 years,Men,6/1/2012,586000.00
55 to 64 years,Men,6/1/2012,410000.00
65 years and over,Men,6/1/2012,184000.00
16 to 19 years,Women,6/1/2012,118000.00
20 to 24 years,Women,6/1/2012,239000.00
25 to 34 years,Women,6/1/2012,553000.00
35 to 44 years,Women,6/1/2012,490000.00
45 to 54 years,Women,6/1/2012,489000.00
55 to 64 years,Women,6/1/2012,308000.00
65 years and over,Women,6/1/2012,235000.00
16 to 19 years,Men,7/1/2012,149000.00
20 to 24 years,Men,7/1/2012,435000.00
25 to 34 years,Men,7/1/2012,536000.00
35 to 44 years,Men,7/1/2012,534000.00
45 to 54 years,Men,7/1/2012,574000.00
55 to 64 years,Men,7/1/2012,389000.00
65 years and over,Men,7/1/2012,168000.00
16 to 19 years,Women,7/1/2012,121000.00
20 to 24 years,Women,7/1/2012,280000.00
25 to 34 years,Women,7/1/2012,526000.00
35 to 44 years,Women,7/1/2012,490000.00
45 to 54 years,Women,7/1/2012,559000.00
55 to 64 years,Women,7/1/2012,359000.00
65 years and over,Women,7/1/2012,244000.00
16 to 19 years,Men,8/1/2012,121000.00
20 to 24 years,Men,8/1/2012,460000.00
25 to 34 years,Men,8/1/2012,504000.00
35 to 44 years,Men,8/1/2012,471000.00
45 to 54 years,Men,8/1/2012,583000.00
55 to 64 years,Men,8/1/2012,386000.00
65 years and over,Men,8/1/2012,152000.00
16 to 19 years,Women,8/1/2012,114000.00
20 to 24 years,Women,8/1/2012,296000.00
25 to 34 years,Women,8/1/2012,481000.00
35 to 44 years,Women,8/1/2012,474000.00
45 to 54 years,Women,8/1/2012,545000.00
55 to 64 years,Women,8/1/2012,330000.00
65 years and over,Women,8/1/2012,243000.00
16 to 19 years,Men,9/1/2012,147000.00
20 to 24 years,Men,9/1/2012,368000.00
25 to 34 years,Men,9/1/2012,560000.00
35 to 44 years,Men,9/1/2012,458000.00
45 to 54 years,Men,9/1/2012,508000.00
55 to 64 years,Men,9/1/2012,412000.00
65 years and over,Men,9/1/2012,162000.00
16 to 19 years,Women,9/1/2012,82000.00
20 to 24 years,Women,9/1/2012,242000.00
25 to 34 years,Women,9/1/2012,516000.00
35 to 44 years,Women,9/1/2012,419000.00
45 to 54 years,Women,9/1/2012,522000.00
55 to 64 years,Women,9/1/2012,341000.00
65 years and over,Women,9/1/2012,196000.00
16 to 19 years,Men,10/1/2012,160000.00
20 to 24 years,Men,10/1/2012,348000.00
25 to 34 years,Men,10/1/2012,617000.00
35 to 44 years,Men,10/1/2012,493000.00
45 to 54 years,Men,10/1/2012,562000.00
55 to 64 years,Men,10/1/2012,392000.00
65 years and over,Men,10/1/2012,120000.00
16 to 19 years,Women,10/1/2012,105000.00
20 to 24 years,Women,10/1/2012,252000.00
25 to 34 years,Women,10/1/2012,521000.00
35 to 44 years,Women,10/1/2012,417000.00
45 to 54 years,Women,10/1/2012,469000.00
55 to 64 years,Women,10/1/2012,343000.00
65 years and over,Women,10/1/2012,206000.00
16 to 19 years,Men,11/1/2012,192000.00
20 to 24 years,Men,11/1/2012,323000.00
25 to 34 years,Men,11/1/2012,538000.00
35 to 44 years,Men,11/1/2012,490000.00
45 to 54 years,Men,11/1/2012,509000.00
55 to 64 years,Men,11/1/2012,459000.00
65 years and over,Men,11/1/2012,115000.00
16 to 19 years,Women,11/1/2012,96000.00
20 to 24 years,Women,11/1/2012,269000.00
25 to 34 years,Women,11/1/2012,482000.00
35 to 44 years,Women,11/1/2012,369000.00
45 to 54 years,Women,11/1/2012,450000.00
55 to 64 years,Women,11/1/2012,312000.00
65 years and over,Women,11/1/2012,195000.00
16 to 19 years,Men,12/1/2012,155000.00
20 to 24 years,Men,12/1/2012,368000.00
25 to 34 years,Men,12/1/2012,526000.00
35 to 44 years,Men,12/1/2012,476000.00
45 to 54 years,Men,12/1/2012,475000.00
55 to 64 years,Men,12/1/2012,404000.00
65 years and over,Men,12/1/2012,97000.00
16 to 19 years,Women,12/1/2012,69000.00
20 to 24 years,Women,12/1/2012,262000.00
25 to 34 years,Women,12/1/2012,444000.00
35 to 44 years,Women,12/1/2012,451000.00
45 to 54 years,Women,12/1/2012,470000.00
55 to 64 years,Women,12/1/2012,328000.00
65 years and over,Women,12/1/2012,191000.00
16 to 19 years,Men,1/1/2013,166000.00
20 to 24 years,Men,1/1/2013,436000.00
25 to 34 years,Men,1/1/2013,528000.00
35 to 44 years,Men,1/1/2013,479000.00
45 to 54 years,Men,1/1/2013,477000.00
55 to 64 years,Men,1/1/2013,395000.00
65 years and over,Men,1/1/2013,125000.00
16 to 19 years,Women,1/1/2013,107000.00
20 to 24 years,Women,1/1/2013,264000.00
25 to 34 years,Women,1/1/2013,436000.00
35 to 44 years,Women,1/1/2013,464000.00
45 to 54 years,Women,1/1/2013,470000.00
55 to 64 years,Women,1/1/2013,339000.00
65 years and over,Women,1/1/2013,219000.00
16 to 19 years,Men,2/1/2013,202000.00
20 to 24 years,Men,2/1/2013,405000.00
25 to 34 years,Men,2/1/2013,561000.00
35 to 44 years,Men,2/1/2013,471000.00
45 to 54 years,Men,2/1/2013,486000.00
55 to 64 years,Men,2/1/2013,410000.00
65 years and over,Men,2/1/2013,131000.00
16 to 19 years,Women,2/1/2013,95000.00
20 to 24 years,Women,2/1/2013,256000.00
25 to 34 years,Women,2/1/2013,431000.00
35 to 44 years,Women,2/1/2013,462000.00
45 to 54 years,Women,2/1/2013,479000.00
55 to 64 years,Women,2/1/2013,309000.00
65 years and over,Women,2/1/2013,198000.00
16 to 19 years,Men,3/1/2013,151000.00
20 to 24 years,Men,3/1/2013,381000.00
25 to 34 years,Men,3/1/2013,511000.00
35 to 44 years,Men,3/1/2013,500000.00
45 to 54 years,Men,3/1/2013,493000.00
55 to 64 years,Men,3/1/2013,421000.00
65 years and over,Men,3/1/2013,128000.00
16 to 19 years,Women,3/1/2013,103000.00
20 to 24 years,Women,3/1/2013,278000.00
25 to 34 years,Women,3/1/2013,414000.00
35 to 44 years,Women,3/1/2013,398000.00
45 to 54 years,Women,3/1/2013,461000.00
55 to 64 years,Women,3/1/2013,310000.00
65 years and over,Women,3/1/2013,187000.00
16 to 19 years,Men,4/1/2013,160000.00
20 to 24 years,Men,4/1/2013,363000.00
25 to 34 years,Men,4/1/2013,544000.00
35 to 44 years,Men,4/1/2013,421000.00
45 to 54 years,Men,4/1/2013,504000.00
55 to 64 years,Men,4/1/2013,378000.00
65 years and over,Men,4/1/2013,149000.00
16 to 19 years,Women,4/1/2013,124000.00
20 to 24 years,Women,4/1/2013,262000.00
25 to 34 years,Women,4/1/2013,413000.00
35 to 44 years,Women,4/1/2013,341000.00
45 to 54 years,Women,4/1/2013,444000.00
55 to 64 years,Women,4/1/2013,299000.00
65 years and over,Women,4/1/2013,180000.00
16 to 19 years,Men,5/1/2013,161000.00
20 to 24 years,Men,5/1/2013,380000.00
25 to 34 years,Men,5/1/2013,478000.00
35 to 44 years,Men,5/1/2013,426000.00
45 to 54 years,Men,5/1/2013,527000.00
55 to 64 years,Men,5/1/2013,376000.00
65 years and over,Men,5/1/2013,135000.00
16 to 19 years,Women,5/1/2013,94000.00
20 to 24 years,Women,5/1/2013,238000.00
25 to 34 years,Women,5/1/2013,386000.00
35 to 44 years,Women,5/1/2013,381000.00
45 to 54 years,Women,5/1/2013,426000.00
55 to 64 years,Women,5/1/2013,297000.00
65 years and over,Women,5/1/2013,143000.00
16 to 19 years,Men,6/1/2013,146000.00
20 to 24 years,Men,6/1/2013,418000.00
25 to 34 years,Men,6/1/2013,488000.00
35 to 44 years,Men,6/1/2013,366000.00
45 to 54 years,Men,6/1/2013,449000.00
55 to 64 years,Men,6/1/2013,325000.00
65 years and over,Men,6/1/2013,116000.00
16 to 19 years,Women,6/1/2013,106000.00
20 to 24 years,Women,6/1/2013,253000.00
25 to 34 years,Women,6/1/2013,427000.00
35 to 44 years,Women,6/1/2013,372000.00
45 to 54 years,Women,6/1/2013,398000.00
55 to 64 years,Women,6/1/2013,270000.00
65 years and over,Women,6/1/2013,226000.00
16 to 19 years,Men,7/1/2013,131000.00
20 to 24 years,Men,7/1/2013,377000.00
25 to 34 years,Men,7/1/2013,492000.00
35 to 44 years,Men,7/1/2013,421000.00
45 to 54 years,Men,7/1/2013,451000.00
55 to 64 years,Men,7/1/2013,353000.00
65 years and over,Men,7/1/2013,106000.00
16 to 19 years,Women,7/1/2013,79000.00
20 to 24 years,Women,7/1/2013,239000.00
25 to 34 years,Women,7/1/2013,507000.00
35 to 44 years,Women,7/1/2013,400000.00
45 to 54 years,Women,7/1/2013,405000.00
55 to 64 years,Women,7/1/2013,268000.00
65 years and over,Women,7/1/2013,170000.00
16 to 19 years,Men,8/1/2013,123000.00
20 to 24 years,Men,8/1/2013,393000.00
25 to 34 years,Men,8/1/2013,594000.00
35 to 44 years,Men,8/1/2013,462000.00
45 to 54 years,Men,8/1/2013,417000.00
55 to 64 years,Men,8/1/2013,364000.00
65 years and over,Men,8/1/2013,78000.00
16 to 19 years,Women,8/1/2013,77000.00
20 to 24 years,Women,8/1/2013,239000.00
25 to 34 years,Women,8/1/2013,458000.00
35 to 44 years,Women,8/1/2013,348000.00
45 to 54 years,Women,8/1/2013,372000.00
55 to 64 years,Women,8/1/2013,290000.00
65 years and over,Women,8/1/2013,167000.00
16 to 19 years,Men,9/1/2013,141000.00
20 to 24 years,Men,9/1/2013,403000.00
25 to 34 years,Men,9/1/2013,479000.00
35 to 44 years,Men,9/1/2013,454000.00
45 to 54 years,Men,9/1/2013,404000.00
55 to 64 years,Men,9/1/2013,385000.00
65 years and over,Men,9/1/2013,91000.00
16 to 19 years,Women,9/1/2013,37000.00
20 to 24 years,Women,9/1/2013,211000.00
25 to 34 years,Women,9/1/2013,421000.00
35 to 44 years,Women,9/1/2013,307000.00
45 to 54 years,Women,9/1/2013,363000.00
55 to 64 years,Women,9/1/2013,302000.00
65 years and over,Women,9/1/2013,195000.00
16 to 19 years,Men,10/1/2013,132000.00
20 to 24 years,Men,10/1/2013,319000.00
25 to 34 years,Men,10/1/2013,437000.00
35 to 44 years,Men,10/1/2013,410000.00
45 to 54 years,Men,10/1/2013,424000.00
55 to 64 years,Men,10/1/2013,363000.00
65 years and over,Men,10/1/2013,97000.00
16 to 19 years,Women,10/1/2013,73000.00
20 to 24 years,Women,10/1/2013,210000.00
25 to 34 years,Women,10/1/2013,445000.00
35 to 44 years,Women,10/1/2013,303000.00
45 to 54 years,Women,10/1/2013,355000.00
55 to 64 years,Women,10/1/2013,317000.00
65 years and over,Women,10/1/2013,186000.00
16 to 19 years,Men,11/1/2013,144000.00
20 to 24 years,Men,11/1/2013,289000.00
25 to 34 years,Men,11/1/2013,549000.00
35 to 44 years,Men,11/1/2013,411000.00
45 to 54 years,Men,11/1/2013,399000.00
55 to 64 years,Men,11/1/2013,339000.00
65 years and over,Men,11/1/2013,97000.00
16 to 19 years,Women,11/1/2013,75000.00
20 to 24 years,Women,11/1/2013,197000.00
25 to 34 years,Women,11/1/2013,435000.00
35 to 44 years,Women,11/1/2013,305000.00
45 to 54 years,Women,11/1/2013,398000.00
55 to 64 years,Women,11/1/2013,272000.00
65 years and over,Women,11/1/2013,179000.00
16 to 19 years,Men,12/1/2013,106000.00
20 to 24 years,Men,12/1/2013,307000.00
25 to 34 years,Men,12/1/2013,514000.00
35 to 44 years,Men,12/1/2013,409000.00
45 to 54 years,Men,12/1/2013,359000.00
55 to 64 years,Men,12/1/2013,359000.00
65 years and over,Men,12/1/2013,82000.00
16 to 19 years,Women,12/1/2013,62000.00
20 to 24 years,Women,12/1/2013,217000.00
25 to 34 years,Women,12/1/2013,370000.00
35 to 44 years,Women,12/1/2013,290000.00
45 to 54 years,Women,12/1/2013,357000.00
55 to 64 years,Women,12/1/2013,240000.00
65 years and over,Women,12/1/2013,169000.00
16 to 19 years,Men,1/1/2014,97000.00
20 to 24 years,Men,1/1/2014,339000.00
25 to 34 years,Men,1/1/2014,493000.00
35 to 44 years,Men,1/1/2014,363000.00
45 to 54 years,Men,1/1/2014,427000.00
55 to 64 years,Men,1/1/2014,318000.00
65 years and over,Men,1/1/2014,93000.00
16 to 19 years,Women,1/1/2014,88000.00
20 to 24 years,Women,1/1/2014,222000.00
25 to 34 years,Women,1/1/2014,292000.00
35 to 44 years,Women,1/1/2014,304000.00
45 to 54 years,Women,1/1/2014,346000.00
55 to 64 years,Women,1/1/2014,231000.00
65 years and over,Women,1/1/2014,179000.00
16 to 19 years,Men,2/1/2014,129000.00
20 to 24 years,Men,2/1/2014,366000.00
25 to 34 years,Men,2/1/2014,488000.00
35 to 44 years,Men,2/1/2014,380000.00
45 to 54 years,Men,2/1/2014,458000.00
55 to 64 years,Men,2/1/2014,304000.00
65 years and over,Men,2/1/2014,76000.00
16 to 19 years,Women,2/1/2014,112000.00
20 to 24 years,Women,2/1/2014,184000.00
25 to 34 years,Women,2/1/2014,393000.00
35 to 44 years,Women,2/1/2014,317000.00
45 to 54 years,Women,2/1/2014,354000.00
55 to 64 years,Women,2/1/2014,244000.00
65 years and over,Women,2/1/2014,173000.00
16 to 19 years,Men,3/1/2014,136000.00
20 to 24 years,Men,3/1/2014,378000.00
25 to 34 years,Men,3/1/2014,418000.00
35 to 44 years,Men,3/1/2014,351000.00
45 to 54 years,Men,3/1/2014,401000.00
55 to 64 years,Men,3/1/2014,347000.00
65 years and over,Men,3/1/2014,76000.00
16 to 19 years,Women,3/1/2014,99000.00
20 to 24 years,Women,3/1/2014,224000.00
25 to 34 years,Women,3/1/2014,404000.00
35 to 44 years,Women,3/1/2014,316000.00
45 to 54 years,Women,3/1/2014,332000.00
55 to 64 years,Women,3/1/2014,252000.00
65 years and over,Women,3/1/2014,151000.00
16 to 19 years,Men,4/1/2014,119000.00
20 to 24 years,Men,4/1/2014,325000.00
25 to 34 years,Men,4/1/2014,456000.00
35 to 44 years,Men,4/1/2014,313000.00
45 to 54 years,Men,4/1/2014,337000.00
55 to 64 years,Men,4/1/2014,284000.00
65 years and over,Men,4/1/2014,105000.00
16 to 19 years,Women,4/1/2014,88000.00
20 to 24 years,Women,4/1/2014,165000.00
25 to 34 years,Women,4/1/2014,357000.00
35 to 44 years,Women,4/1/2014,273000.00
45 to 54 years,Women,4/1/2014,333000.00
55 to 64 years,Women,4/1/2014,264000.00
65 years and over,Women,4/1/2014,143000.00
16 to 19 years,Men,5/1/2014,84000.00
20 to 24 years,Men,5/1/2014,302000.00
25 to 34 years,Men,5/1/2014,496000.00
35 to 44 years,Men,5/1/2014,311000.00
45 to 54 years,Men,5/1/2014,329000.00
55 to 64 years,Men,5/1/2014,253000.00
65 years and over,Men,5/1/2014,84000.00
16 to 19 years,Women,5/1/2014,75000.00
20 to 24 years,Women,5/1/2014,141000.00
25 to 34 years,Women,5/1/2014,372000.00
35 to 44 years,Women,5/1/2014,278000.00
45 to 54 years,Women,5/1/2014,304000.00
55 to 64 years,Women,5/1/2014,250000.00
65 years and over,Women,5/1/2014,183000.00
16 to 19 years,Men,6/1/2014,66000.00
20 to 24 years,Men,6/1/2014,285000.00
25 to 34 years,Men,6/1/2014,386000.00
35 to 44 years,Men,6/1/2014,268000.00
45 to 54 years,Men,6/1/2014,278000.00
55 to 64 years,Men,6/1/2014,289000.00
65 years and over,Men,6/1/2014,114000.00
16 to 19 years,Women,6/1/2014,81000.00
20 to 24 years,Women,6/1/2014,130000.00
25 to 34 years,Women,6/1/2014,339000.00
35 to 44 years,Women,6/1/2014,250000.00
45 to 54 years,Women,6/1/2014,239000.00
55 to 64 years,Women,6/1/2014,203000.00
65 years and over,Women,6/1/2014,172000.00
16 to 19 years,Men,7/1/2014,98000.00
20 to 24 years,Men,7/1/2014,277000.00
25 to 34 years,Men,7/1/2014,413000.00
35 to 44 years,Men,7/1/2014,312000.00
45 to 54 years,Men,7/1/2014,254000.00
55 to 64 years,Men,7/1/2014,251000.00
65 years and over,Men,7/1/2014,97000.00
16 to 19 years,Women,7/1/2014,93000.00
20 to 24 years,Women,7/1/2014,140000.00
25 to 34 years,Women,7/1/2014,348000.00
35 to 44 years,Women,7/1/2014,280000.00
45 to 54 years,Women,7/1/2014,293000.00
55 to 64 years,Women,7/1/2014,267000.00
65 years and over,Women,7/1/2014,213000.00
16 to 19 years,Men,8/1/2014,105000.00
20 to 24 years,Men,8/1/2014,254000.00
25 to 34 years,Men,8/1/2014,342000.00
35 to 44 years,Men,8/1/2014,288000.00
45 to 54 years,Men,8/1/2014,265000.00
55 to 64 years,Men,8/1/2014,215000.00
65 years and over,Men,8/1/2014,95000.00
16 to 19 years,Women,8/1/2014,68000.00
20 to 24 years,Women,8/1/2014,136000.00
25 to 34 years,Women,8/1/2014,354000.00
35 to 44 years,Women,8/1/2014,250000.00
45 to 54 years,Women,8/1/2014,258000.00
55 to 64 years,Women,8/1/2014,224000.00
65 years and over,Women,8/1/2014,257000.00
16 to 19 years,Men,9/1/2014,89000.00
20 to 24 years,Men,9/1/2014,266000.00
25 to 34 years,Men,9/1/2014,350000.00
35 to 44 years,Men,9/1/2014,228000.00
45 to 54 years,Men,9/1/2014,275000.00
55 to 64 years,Men,9/1/2014,218000.00
65 years and over,Men,9/1/2014,79000.00
16 to 19 years,Women,9/1/2014,83000.00
20 to 24 years,Women,9/1/2014,116000.00
25 to 34 years,Women,9/1/2014,350000.00
35 to 44 years,Women,9/1/2014,294000.00
45 to 54 years,Women,9/1/2014,297000.00
55 to 64 years,Women,9/1/2014,191000.00
65 years and over,Women,9/1/2014,193000.00
16 to 19 years,Men,10/1/2014,84000.00
20 to 24 years,Men,10/1/2014,241000.00
25 to 34 years,Men,10/1/2014,313000.00
35 to 44 years,Men,10/1/2014,240000.00
45 to 54 years,Men,10/1/2014,276000.00
55 to 64 years,Men,10/1/2014,252000.00
65 years and over,Men,10/1/2014,84000.00
16 to 19 years,Women,10/1/2014,37000.00
20 to 24 years,Women,10/1/2014,197000.00
25 to 34 years,Women,10/1/2014,334000.00
35 to 44 years,Women,10/1/2014,234000.00
45 to 54 years,Women,10/1/2014,278000.00
55 to 64 years,Women,10/1/2014,203000.00
65 years and over,Women,10/1/2014,188000.00
16 to 19 years,Men,11/1/2014,75000.00
20 to 24 years,Men,11/1/2014,226000.00
25 to 34 years,Men,11/1/2014,282000.00
35 to 44 years,Men,11/1/2014,257000.00
45 to 54 years,Men,11/1/2014,292000.00
55 to 64 years,Men,11/1/2014,242000.00
65 years and over,Men,11/1/2014,122000.00
16 to 19 years,Women,11/1/2014,62000.00
20 to 24 years,Women,11/1/2014,174000.00
25 to 34 years,Women,11/1/2014,297000.00
35 to 44 years,Women,11/1/2014,225000.00
45 to 54 years,Women,11/1/2014,237000.00
55 to 64 years,Women,11/1/2014,234000.00
65 years and over,Women,11/1/2014,141000.00
16 to 19 years,Men,12/1/2014,81000.00
20 to 24 years,Men,12/1/2014,201000.00
25 to 34 years,Men,12/1/2014,357000.00
35 to 44 years,Men,12/1/2014,205000.00
45 to 54 years,Men,12/1/2014,285000.00
55 to 64 years,Men,12/1/2014,266000.00
65 years and over,Men,12/1/2014,110000.00
16 to 19 years,Women,12/1/2014,60000.00
20 to 24 years,Women,12/1/2014,182000.00
25 to 34 years,Women,12/1/2014,284000.00
35 to 44 years,Women,12/1/2014,226000.00
45 to 54 years,Women,12/1/2014,214000.00
55 to 64 years,Women,12/1/2014,173000.00
65 years and over,Women,12/1/2014,128000.00
16 to 19 years,Men,1/1/2015,85000.00
20 to 24 years,Men,1/1/2015,241000.00
25 to 34 years,Men,1/1/2015,362000.00
35 to 44 years,Men,1/1/2015,282000.00
45 to 54 years,Men,1/1/2015,249000.00
55 to 64 years,Men,1/1/2015,222000.00
65 years and over,Men,1/1/2015,97000.00
16 to 19 years,Women,1/1/2015,75000.00
20 to 24 years,Women,1/1/2015,143000.00
25 to 34 years,Women,1/1/2015,302000.00
35 to 44 years,Women,1/1/2015,240000.00
45 to 54 years,Women,1/1/2015,297000.00
55 to 64 years,Women,1/1/2015,212000.00
65 years and over,Women,1/1/2015,157000.00
16 to 19 years,Men,2/1/2015,93000.00
20 to 24 years,Men,2/1/2015,255000.00
25 to 34 years,Men,2/1/2015,319000.00
35 to 44 years,Men,2/1/2015,270000.00
45 to 54 years,Men,2/1/2015,272000.00
55 to 64 years,Men,2/1/2015,229000.00
65 years and over,Men,2/1/2015,100000.00
16 to 19 years,Women,2/1/2015,80000.00
20 to 24 years,Women,2/1/2015,141000.00
25 to 34 years,Women,2/1/2015,294000.00
35 to 44 years,Women,2/1/2015,235000.00
45 to 54 years,Women,2/1/2015,253000.00
55 to 64 years,Women,2/1/2015,170000.00
65 years and over,Women,2/1/2015,174000.00
